Text,labels,Tokens_used
"opium founding father,","Brand_labels: [""reputation & heritage""]
Emotion_labels: []",548
"yall trippin fit clean,","Brand_labels: [""product quality""]
Emotion_labels: [""love""]",551
"might destroy lonely,","Brand_labels: [""reputation & heritage""]
Emotion_labels: [""horrible""]",550
"alr show us women,","Brand_labels: [""reputation & heritage""]
Emotion_labels: [""neutral""]",551
"bad think jeans ripped pull bad,","Brand_labels: [""product quality""]
Emotion_labels: [""bad""]",550
"itssbo bro somehow made opium look normal except pants,","Brand_labels: [""product quality""]
Emotion_labels: [""neutral""]",556
"bro think carti,","Brand_labels: [""reputation & heritage""]
Emotion_labels: []",548
"rick emotions,","Brand_labels: [""reputation & heritage""]
Emotion_labels: [""excited""]",549
"wonder rick also endless cycle suffering,","Brand_labels: [""reputation & heritage""]
Emotion_labels: [""worse""]",555
"life looks peaceful cool,","Brand_labels: [""reputation & heritage""]
Emotion_labels: [""love""]",550
"rick inspirational,","Brand_labels: [""reputation & heritage""]
Emotion_labels: [""love""]",548
"rick owend,","Brand_labels: [""reputation & heritage""]
Emotion_labels: []",547
"bro look expensive,","Brand_labels: [""product quality""]
Emotion_labels: []",545
"knew along rick aphex twin,","Brand_labels: [""reputation & heritage""]
Emotion_labels: []",552
"u actually think lonely better yb u actually need help,","Brand_labels: [""reputation & heritage""]
Emotion_labels: [""disappointed""]",558
"lone better yb anyway,","Brand_labels: [""reputation & heritage""]
Emotion_labels: []",550
"changed better,","Brand_labels: [""product quality""]
Emotion_labels: [""love""]",546
"yb clears lone,","Brand_labels: [""reputation & heritage""]
Emotion_labels: [""love""]",549
"reposting bc bro doesnt know like,","Brand_labels: [""reputation & heritage""]
Emotion_labels: [""disappointed""]",554
"tim peak american lifestyle really right man,","Brand_labels: [""reputation & heritage""]
Emotion_labels: [""love""]",553
"wow love beautiful life,","Brand_labels: [""product quality"", ""reputation & heritage"", ""customer service"", ""social impact"", ""ethical practices"", ""sustainability""]
Emotion_labels: [""love""]",570
"bro connected earned,","Brand_labels: [""reputation & heritage""]
Emotion_labels: []",547
"u make excited rest life,","Brand_labels: [""customer service""]
Emotion_labels: [""excited""]",550
"like slight change video styles always seems started 4 start different parts end somewhere else,","Brand_labels: [""product quality""]
Emotion_labels: []",558
"seem groundedpresent youre much every minute aspirational,","Brand_labels: [""reputation & heritage""]
Emotion_labels: []",554
"love post always include form exercisewalking,","Brand_labels: [""product quality"", ""reputation & heritage"", ""customer service"", ""social impact"", ""ethical practices"", ""sustainability""]
Emotion_labels: [""love""]",575
"love even flower fan guy matches aesthetic models,","Brand_labels: [""reputation & heritage""]
Emotion_labels: [""love""]",554
"love reminds elephant butterfly catching game,","Brand_labels: [""product quality"", ""reputation & heritage"", ""customer service"", ""social impact"", ""ethical practices"", ""sustainability""]
Emotion_labels: [""love""]",572
"definitely tell hes model face look everything beautiful,","Brand_labels: [""product quality""]
Emotion_labels: [""love""]",553
"nobody get instant flashbacks elephant butterfly game,","Brand_labels: [""reputation & heritage""]
Emotion_labels: [""love""]",555
"guy tried model spot got stuck flower boy,","Brand_labels: [""customer service""]
Emotion_labels: [""disappointed""]",554
"im living comfy rick owens,","Brand_labels: [""product quality""]
Emotion_labels: [""love""]",551
"lived id nightmares,","Brand_labels: [""customer service""]
Emotion_labels: [""horrible""]",549
"everyday go sleep knowing house looks better rick owens,","Brand_labels: [""product quality""]
Emotion_labels: [""love""]",556
"rich people art live unfinished home,","Brand_labels: [""reputation & heritage""]
Emotion_labels: []",550
"act different knowing house look better rick owens,","Brand_labels: [""reputation & heritage""]
Emotion_labels: [""love""]",556
"rick owens abt looking poor homeless,","Brand_labels: [""product quality"", ""reputation & heritage""]
Emotion_labels: [""disappointed""]",559
"bro bought trap house renovate moved,","Brand_labels: [""product quality"", ""customer service"", ""reputation & heritage"", ""social impact"", ""ethical practices"", ""sustainability""]
Emotion_labels: [""excited""]",574
"rick owens 100 demon,","Brand_labels: [""reputation & heritage""]
Emotion_labels: [""love""]",552
"rlly dancing two pvc pipes banging together,","Brand_labels: [""product quality""]
Emotion_labels: [""horrible""]",554
"around high would make spiral,","Brand_labels: [""product quality"", ""reputation & heritage"", ""customer service"", ""social impact"", ""ethical practices"", ""sustainability""]
Emotion_labels: [""love"", ""great"", ""amazing"", ""impressed"", ""thrilled"", ""excited"", ""horrible"", ""bad"", ""disappointed"", ""terrible"", ""worse"", ""hate""]",613
"thinks hes rick owens,","Brand_labels: [""reputation & heritage""]
Emotion_labels: []",551
"everyones def somethin,","Brand_labels: [""reputation & heritage""]
Emotion_labels: []",550
"hes enjoying life,","Brand_labels: [""reputation & heritage""]
Emotion_labels: [""love""]",549
"im focused evan petersjeff dahmer look alike wouldve tripped ngl,","Brand_labels: [""reputation & heritage""]
Emotion_labels: [""excited""]",565
"dancing considered mad man dont wan na know dance,","Brand_labels: [""reputation & heritage""]
Emotion_labels: [""disappointed""]",557
"mad man happy composed ppl judge much,","Brand_labels: [""reputation & heritage""]
Emotion_labels: [""love""]",553
"watch become boy chanel,","Brand_labels: [""reputation & heritage""]
Emotion_labels: []",549
"longest time thought gabriette person,","Brand_labels: [""reputation & heritage""]
Emotion_labels: []",552
"thought kim k realized rinna,","Brand_labels: [""reputation & heritage""]
Emotion_labels: []",550
"wish enough money turn gabriette,","Brand_labels: [""reputation & heritage""]
Emotion_labels: [""love""]",553
"really dont think gabriette look alike,","Brand_labels: [""reputation & heritage""]
Emotion_labels: [""disappointed""]",555
"idk really call nepo baby hate much bc lisa rena isnt really well liked person talented daughter,","Brand_labels: [""reputation & heritage""]
Emotion_labels: [""hate""]",568
"boy uee name,","Brand_labels: [""reputation & heritage""]
Emotion_labels: []",548
"cest chic,","Brand_labels: [""reputation & heritage""]
Emotion_labels: [""love""]",548
"love answer,","Brand_labels: [""product quality"", ""reputation & heritage"", ""customer service"", ""social impact"", ""ethical practices"", ""sustainability""]
Emotion_labels: [""love""]",568
"wise words young age love olson sisters,","Brand_labels: [""reputation & heritage""]
Emotion_labels: [""love""]",554
"honestly best advice,","Brand_labels: [""customer service""]
Emotion_labels: [""love""]",548
"thats great answershe chose nice instead putting one thing love always thought pretty,","Brand_labels: [""product quality""]
Emotion_labels: [""love"", ""great""]",562
"genuinely nice thing say especially since shes fashion icon,","Brand_labels: [""reputation & heritage""]
Emotion_labels: [""love""]",558
"thats beautiful advice,","Brand_labels: [""product quality""]
Emotion_labels: [""love""]",548
"olsen twins raised truly deserve everything good world,","Brand_labels: [""reputation & heritage""]
Emotion_labels: [""love""]",555
"shes sweetheart love olsen twins,","Brand_labels: [""reputation & heritage""]
Emotion_labels: [""love""]",553
"yall making fun walk bout shes walking versace sum yall cant afford,","Brand_labels: [""reputation & heritage""]
Emotion_labels: [""love""]",562
"ones talking walk cant even half period,","Brand_labels: [""customer service""]
Emotion_labels: [""disappointed""]",552
"bella high fashion gigi sports wear,","Brand_labels: [""product quality"", ""reputation & heritage""]
Emotion_labels: []",556
"yall know models walk,","Brand_labels: [""reputation & heritage""]
Emotion_labels: []",549
"hated hair black hair suits sooooo much better,","Brand_labels: [""product quality""]
Emotion_labels: [""hate""]",555
"walk aint lol,","Brand_labels: [""product quality"", ""reputation & heritage"", ""customer service"", ""social impact"", ""ethical practices"", ""sustainability""]
Emotion_labels: [""love"", ""great"", ""amazing"", ""impressed"", ""thrilled"", ""excited"", ""horrible"", ""bad"", ""disappointed"", ""terrible"", ""worse"", ""hate""]",612
"hyunjin exists fine fr,","Brand_labels: [""product quality"", ""reputation & heritage"", ""customer service"", ""social impact"", ""ethical practices"", ""sustainability""]
Emotion_labels: [""love""]",572
"hyunjin mental health,","Brand_labels: [""reputation & heritage""]
Emotion_labels: [""disappointed""]",552
"bro literally best hyunjin editor,","Brand_labels: [""reputation & heritage""]
Emotion_labels: [""love""]",553
"mexican frijol bro really wish,","Brand_labels: [""customer service""]
Emotion_labels: [""disappointed""]",554
"looks exactly like mother,","Brand_labels: [""reputation & heritage""]
Emotion_labels: [""love""]",550
"absolutely beautiful princess like mother,","Brand_labels: [""product quality""]
Emotion_labels: [""love""]",550
"first shoes pants theyre gon na making whole homeless outfit n people fr gon na wear,","Brand_labels: [""product quality""]
Emotion_labels: [""disappointed""]",562
"bruh find old onecut itthrow mud itscool,","Brand_labels: [""product quality""]
Emotion_labels: []",554
"someone got buried took put store,","Brand_labels: [""customer service""]
Emotion_labels: [""horrible""]",551
"make get baggy jeans thrift store make dirty cut bunch holes,","Brand_labels: [""product quality""]
Emotion_labels: [""disappointed""]",557
"thought cat woman caitlyn jenner,","Brand_labels: [""reputation & heritage""]
Emotion_labels: []",553
"catwoman,","Brand_labels: [""reputation & heritage""]
Emotion_labels: [""love""]",548
"north cute tho,","Brand_labels: [""product quality""]
Emotion_labels: [""love""]",547
"thought cat woman bruce,","Brand_labels: [""reputation & heritage""]
Emotion_labels: []",549
"pick flower,","Brand_labels: [""product quality""]
Emotion_labels: []",544
"catwoman excessive,","Brand_labels: [""reputation & heritage""]
Emotion_labels: [""horrible""]",550
"catwoman alexis stone,","Brand_labels: [""reputation & heritage""]
Emotion_labels: [""love""]",551
"youd think money shed attractive,","Brand_labels: [""product quality"", ""reputation & heritage"", ""customer service"", ""social impact"", ""ethical practices"", ""sustainability""]
Emotion_labels: [""disappointed""]",573
"wait hot minute girl doctor phil,","Brand_labels: [""reputation & heritage""]
Emotion_labels: [""excited""]",553
"isnt doctor phil girl cried bc said get job,","Brand_labels: [""customer service""]
Emotion_labels: [""disappointed""]",555
"mommy funded though,","Brand_labels: [""reputation & heritage""]
Emotion_labels: []",548
"waiting documentary,","Brand_labels: [""social impact""]
Emotion_labels: []",544
"hold girl doctor phil,","Brand_labels: [""product quality"", ""reputation & heritage"", ""customer service"", ""social impact"", ""ethical practices"", ""sustainability""]
Emotion_labels: [""love"", ""great"", ""amazing"", ""impressed"", ""thrilled"", ""excited"", ""horrible"", ""bad"", ""disappointed"", ""terrible"", ""worse"", ""hate""]",612
"saw video girl critisizing gigi media always goes twists story gigi handeled situation perfectly,","Brand_labels: [""reputation & heritage""]
Emotion_labels: [""love""]",566
"gigi security guard,","Brand_labels: [""customer service""]
Emotion_labels: []",546
"artemisff_69 tes trite brou,","Brand_labels: [""product quality"", ""reputation & heritage"", ""customer service"", ""social impact"", ""ethical practices"", ""sustainability""]
Emotion_labels: [""love"", ""great"", ""amazing"", ""impressed"", ""thrilled"", ""excited"", ""horrible"", ""bad"", ""disappointed"", ""terrible"", ""worse"", ""hate""]",619
"1hello cotto 2goteo 3givenchy 4she dont give fo 5malbec,","Brand_labels: [""product quality"", ""reputation & heritage"", ""customer service"", ""social impact"", ""ethical practices"", ""sustainability""]
Emotion_labels: [""love"", ""great"", ""amazing"", ""impressed"", ""thrilled"", ""excited"", ""horrible"", ""bad"", ""disappointed"", ""terrible"", ""worse"", ""hate""]",631
"1 goteo 2 givenchy 3 hello coto 4 malbec 5 dont give fo,","Brand_labels: [""product quality"", ""reputation & heritage"", ""customer service"", ""social impact"", ""ethical practices"", ""sustainability""]
Emotion_labels: [""disappointed""]",589
"3 givenchy 1 hello cotto 4 goteo 5 malbec 2 dont give fo,","Brand_labels: [""product quality"", ""reputation & heritage"", ""customer service"", ""social impact"", ""ethical practices"", ""sustainability""]
Emotion_labels: []",586
"1hello coto 2she dont give fo 3givenchy 4goteo 5malbec,","Brand_labels: [""reputation & heritage""]
Emotion_labels: []",567
"dayvon got ta deal boots later,","Brand_labels: [""customer service""]
Emotion_labels: [""neutral""]",551
"must chicago sound like ari,","Brand_labels: [""reputation & heritage""]
Emotion_labels: []",550
"always look nice put together,","Brand_labels: [""product quality""]
Emotion_labels: [""love""]",549
"wore brown side belt paired purse match cute either way,","Brand_labels: [""product quality""]
Emotion_labels: [""love""]",555
"bye love seeing body shapesize represented celebsu perfect,","Brand_labels: [""reputation & heritage""]
Emotion_labels: [""love""]",557
"thought baekhyun tiktok account lmao,","Brand_labels: [""reputation & heritage""]
Emotion_labels: [""amused""]",558
"dont shy upload content exo tiktok,","Brand_labels: [""reputation & heritage""]
Emotion_labels: []",552
"dude puts merry merry christmas,","Brand_labels: [""reputation & heritage""]
Emotion_labels: [""excited""]",553
"told ya challenge,","Brand_labels: [""customer service""]
Emotion_labels: []",546
"yeah ill skip trend huge fan logos plastered everywhere,","Brand_labels: [""product quality""]
Emotion_labels: [""disappointed""]",555
"hate loewe logo tank top bags w huge logos thought better,","Brand_labels: [""product quality"", ""reputation & heritage""]
Emotion_labels: [""hate""]",564
"matter wear whatever u want wear freedom wear thingwhether theres logo,","Brand_labels: [""social impact""]
Emotion_labels: []",554
"ur suposed look people wearing high end brands making,","Brand_labels: [""reputation & heritage""]
Emotion_labels: []",554
"quiet luxury class people reference new money conundrum solved youre welcome,","Brand_labels: [""reputation & heritage""]
Emotion_labels: []",557
"thats pushing marketing try catching someone wearing,","Brand_labels: [""reputation & heritage""]
Emotion_labels: [""disappointed""]",555
"yall want quiet luxury thing bad cant seem comprehend logo makes money,","Brand_labels: [""reputation & heritage""]
Emotion_labels: [""bad""]",559
"hot take u like character even dont support actions,","Brand_labels: [""reputation & heritage""]
Emotion_labels: [""love""]",555
"finally found valentino cosplay,","Brand_labels: [""product quality""]
Emotion_labels: [""excited""]",551
"people villain hell evil bad,","Brand_labels: [""reputation & heritage""]
Emotion_labels: [""bad""]",551
"would cosplay yall mad valentino slays huh,","Brand_labels: [""reputation & heritage""]
Emotion_labels: [""love""]",557
"valentino might bad character cosplay good,","Brand_labels: [""product quality""]
Emotion_labels: [""bad""]",552
"love valentino cosplayer love way vox standing,","Brand_labels: [""reputation & heritage""]
Emotion_labels: [""love""]",556
"okay thats accurate,","Brand_labels: [""product quality"", ""reputation & heritage"", ""customer service"", ""social impact"", ""ethical practices"", ""sustainability""]
Emotion_labels: [""love""]",569
"face wipe,","Brand_labels: [""product quality""]
Emotion_labels: []",544
"bro turned volume heard wasmjauu,","Brand_labels: [""product quality"", ""reputation & heritage"", ""customer service"", ""social impact"", ""ethical practices"", ""sustainability""]
Emotion_labels: [""love"", ""great"", ""amazing"", ""impressed"", ""thrilled"", ""excited"", ""horrible"", ""bad"", ""disappointed"", ""terrible"", ""worse"", ""hate""]",616
"thought going wholesome video vox x val guess,","Brand_labels: [""reputation & heritage""]
Emotion_labels: [""love""]",554
"vox idk expecting velvette id react exact,","Brand_labels: [""product quality""]
Emotion_labels: [""disappointed""]",554
"pajama day whole school wore flannel pants,","Brand_labels: [""product quality""]
Emotion_labels: [""excited""]",555
"wears black mask cause goes fits,","Brand_labels: [""product quality""]
Emotion_labels: [""excited""]",552
"tall u actually im curious,","Brand_labels: [""reputation & heritage""]
Emotion_labels: [""curious""]",553
"always knew converse right choice,","Brand_labels: [""reputation & heritage""]
Emotion_labels: [""love""]",551
"told everyone rick owens,","Brand_labels: [""reputation & heritage""]
Emotion_labels: []",551
"rick credited lord darkness fashion writers due use dark fabrics goth grunge aesthetics avantgarde design,","Brand_labels: [""product quality"", ""reputation & heritage""]
Emotion_labels: []",567
"dont think given name lord darkness based religious beliefs tho dystopian unconventional dark designs,","Brand_labels: [""reputation & heritage""]
Emotion_labels: []",559
"agree got ta protect soul,","Brand_labels: [""social impact""]
Emotion_labels: [""love""]",549
"weapon fashioned shall prosper ill take ricks,","Brand_labels: [""product quality""]
Emotion_labels: [""love""]",552
"little bit thinking would go far,","Brand_labels: [""customer service""]
Emotion_labels: [""disappointed""]",551
"atomizer isnt bad,","Brand_labels: [""product quality""]
Emotion_labels: [""bad""]",548
"lasts 3 days btw,","Brand_labels: [""product quality""]
Emotion_labels: [""disappointed""]",551
"cap really horrible atomizer pretty nice,","Brand_labels: [""product quality""]
Emotion_labels: [""horrible""]",552
"cap thing thats bad tbh,","Brand_labels: [""product quality""]
Emotion_labels: [""bad""]",550
"cap nice atmomizer nice smell actully smells pretty good,","Brand_labels: [""product quality""]
Emotion_labels: [""great""]",556
"everyone atomizer literally worst bottle xd,","Brand_labels: [""product quality""]
Emotion_labels: [""worst""]",552
"girl thats thats brazilian queen marina,","Brand_labels: [""reputation & heritage""]
Emotion_labels: []",552
"saw red hair automatically said sadie sink,","Brand_labels: [""reputation & heritage""]
Emotion_labels: []",553
"thats fadie fink,","Brand_labels: [""reputation & heritage""]
Emotion_labels: []",551
"thats brazilian actress marina ruy barbosa,","Brand_labels: [""reputation & heritage""]
Emotion_labels: []",556
"yall better respect goddess woman shes marina ruy barbosa,","Brand_labels: [""reputation & heritage""]
Emotion_labels: [""love""]",561
"thats sadie sink tho,","Brand_labels: [""reputation & heritage""]
Emotion_labels: [""disappointed""]",553
"thats sadie float,","Brand_labels: [""reputation & heritage""]
Emotion_labels: [""disappointed""]",552
"noticed jarvis peller wearing hand band,","Brand_labels: [""reputation & heritage""]
Emotion_labels: []",552
"else thought fitst girl acting shy jarvis,","Brand_labels: [""reputation & heritage""]
Emotion_labels: [""love""]",555
"nice acting,","Brand_labels: [""reputation & heritage""]
Emotion_labels: [""love""]",548
"hades seems like guy would show persephone like cat people show cats,","Brand_labels: [""reputation & heritage""]
Emotion_labels: []",558
"apollo watching shoulder 100 confirmed,","Brand_labels: [""product quality""]
Emotion_labels: [""love""]",550
"hades little glance persephone telling smile,","Brand_labels: [""reputation & heritage""]
Emotion_labels: [""love""]",554
"u look exactly like u ethereal,","Brand_labels: [""reputation & heritage""]
Emotion_labels: [""love""]",553
"captured essences perfectly,","Brand_labels: [""product quality""]
Emotion_labels: [""love""]",549
"hermes im dying,","Brand_labels: [""reputation & heritage""]
Emotion_labels: []",548
"hephaestus took photos,","Brand_labels: [""reputation & heritage""]
Emotion_labels: [""excited""]",553
"think stare beucause youre wearing ladys bag know birkin,","Brand_labels: [""reputation & heritage""]
Emotion_labels: []",557
"think stair guy handbag lol plus birkin,","Brand_labels: [""product quality""]
Emotion_labels: []",551
"maybe bc r walking slow motion someone following filming,","Brand_labels: [""product quality"", ""reputation & heritage"", ""customer service"", ""social impact"", ""ethical practices"", ""sustainability""]
Emotion_labels: [""love"", ""great"", ""amazing"", ""impressed"", ""thrilled"", ""excited"", ""horrible"", ""bad"", ""disappointed"", ""terrible"", ""worse"", ""hate""]",617
"youri literally way hitting people bag,","Brand_labels: [""customer service""]
Emotion_labels: [""horrible""]",552
"arent good stares,","Brand_labels: [""product quality""]
Emotion_labels: [""bad""]",547
"dont think bag rather whos holding bag,","Brand_labels: [""reputation & heritage""]
Emotion_labels: []",552
"deffo way hes carrying,","Brand_labels: [""product quality""]
Emotion_labels: [""love""]",550
"zeus sons return bring distruction olympus destroy everything touch iam greathes worrior,","Brand_labels: [""reputation & heritage""]
Emotion_labels: [""horrible""]",566
"paynehouck647 shes good,","Brand_labels: [""reputation & heritage""]
Emotion_labels: [""love""]",554
"kinda love said ashleys name first,","Brand_labels: [""reputation & heritage""]
Emotion_labels: [""love""]",554
"love adulthood kinda started trademark ashley name first shows lot love,","Brand_labels: [""reputation & heritage""]
Emotion_labels: [""love""]",558
"olsen sisters top especially girl lizzie taylor,","Brand_labels: [""reputation & heritage""]
Emotion_labels: []",554
"love whole style,","Brand_labels: [""product quality""]
Emotion_labels: [""love""]",547
"always stunning,","Brand_labels: [""reputation & heritage""]
Emotion_labels: [""love""]",548
"one word perfection,","Brand_labels: [""product quality""]
Emotion_labels: [""love""]",547
"wait p rocky asap rocky,","Brand_labels: [""reputation & heritage""]
Emotion_labels: []",550
"even hiding anymore,","Brand_labels: [""reputation & heritage""]
Emotion_labels: [""disappointed""]",550
"rihanna teaching ways,","Brand_labels: [""reputation & heritage""]
Emotion_labels: [""love""]",551
"one eye symbolism shame,","Brand_labels: [""ethical practices""]
Emotion_labels: [""disappointed""]",549
"lot talk jaden young man giving congrats restaurants feed homeless free hes uniquely,","Brand_labels: [""social impact""]
Emotion_labels: [""love""]",559
"rich want stay poor,","Brand_labels: [""reputation & heritage""]
Emotion_labels: [""disappointed""]",551
"bro brought house hand,","Brand_labels: [""product quality""]
Emotion_labels: [""love""]",548
"seems like nice kid pain beautiful eyes god bless,","Brand_labels: [""product quality""]
Emotion_labels: [""love""]",554
"daughter doll house blue,","Brand_labels: [""product quality"", ""customer service""]
Emotion_labels: [""love""]",552
"lv gucci rest making money yall dont see whats going,","Brand_labels: [""reputation & heritage"", ""ethical practices""]
Emotion_labels: [""disappointed""]",563
"real chat,","Brand_labels: [""customer service""]
Emotion_labels: [""neutral""]",546
"genuinely sounds wholesum,","Brand_labels: [""ethical practices""]
Emotion_labels: [""love""]",550
"bille needs make tik tok account,","Brand_labels: [""customer service""]
Emotion_labels: [""excited""]",552
"instantly know bullies shoes,","Brand_labels: [""reputation & heritage""]
Emotion_labels: [""hate""]",553
"yeah sound like billie,","Brand_labels: [""reputation & heritage""]
Emotion_labels: []",549
"thought gon na rip billie wannabe,","Brand_labels: [""product quality""]
Emotion_labels: [""disappointed""]",553
"sounds like completely different person,","Brand_labels: [""reputation & heritage""]
Emotion_labels: [""disappointed""]",552
"know show phenomenal see anna wintour smiling clapping,","Brand_labels: [""reputation & heritage""]
Emotion_labels: [""love""]",558
"last good chanel collection,","Brand_labels: [""product quality"", ""reputation & heritage""]
Emotion_labels: [""good""]",555
"chanel karl much better new creative designer one really even knows,","Brand_labels: [""reputation & heritage""]
Emotion_labels: [""worse""]",560
"death death channel,","Brand_labels: [""reputation & heritage""]
Emotion_labels: [""horrible""]",550
"chanel without karl,","Brand_labels: [""reputation & heritage""]
Emotion_labels: []",549
"already know chanel rocket probably cause 1000000,","Brand_labels: [""product quality""]
Emotion_labels: []",553
"thats real fashion designer,","Brand_labels: [""reputation & heritage""]
Emotion_labels: []",549
"thought thats lana del rey,","Brand_labels: [""reputation & heritage""]
Emotion_labels: [""love""]",553
"scotts exs literally getting married funny,","Brand_labels: [""reputation & heritage""]
Emotion_labels: [""amused""]",555
"scott prepares women meet soulmates,","Brand_labels: [""reputation & heritage""]
Emotion_labels: [""love""]",553
"everyone dated scott meets man dreams gets married like movie good luck chuck go date scott single ladies,","Brand_labels: [""reputation & heritage""]
Emotion_labels: [""love""]",566
"lionel let sigh relief public displeasure scott disick relationship,","Brand_labels: [""reputation & heritage""]
Emotion_labels: [""disappointed""]",560
"feel like scott good luck chuck affect every girl dates ends marrying another guy,","Brand_labels: [""reputation & heritage""]
Emotion_labels: [""bad""]",561
"everybody scott dated found prince charming,","Brand_labels: [""reputation & heritage""]
Emotion_labels: [""love""]",554
"bro pls wrong,","Brand_labels: [""customer service""]
Emotion_labels: [""disappointed""]",548
"wouldve taken 30k cash,","Brand_labels: [""customer service""]
Emotion_labels: [""disappointed""]",552
"everyone confused,","Brand_labels: [""customer service""]
Emotion_labels: [""disappointed""]",547
"fr thought michelle obama,","Brand_labels: [""reputation & heritage""]
Emotion_labels: []",550
"god see youre others,","Brand_labels: [""reputation & heritage""]
Emotion_labels: []",548
"lord ive seen youve done others thats bag dreams happy,","Brand_labels: [""reputation & heritage""]
Emotion_labels: [""love""]",557
"chris rock long hair,","Brand_labels: [""product quality""]
Emotion_labels: [""love""]",549
"brother lol,","Brand_labels: [""product quality"", ""reputation & heritage"", ""customer service"", ""social impact"", ""ethical practices"", ""sustainability""]
Emotion_labels: [""love""]",569
"tell rich without telling rich,","Brand_labels: [""reputation & heritage""]
Emotion_labels: []",549
"saw exact dress thrift one time 10 regret buying every single day yes,","Brand_labels: [""product quality""]
Emotion_labels: [""regret""]",560
"everything,","Brand_labels: [""product quality"", ""reputation & heritage"", ""customer service"", ""social impact"", ""ethical practices"", ""sustainability""]
Emotion_labels: []",565
"absolutely worth,","Brand_labels: [""product quality""]
Emotion_labels: [""love""]",547
"4 wedding dresses nowhere near size also single 5 euros,","Brand_labels: [""product quality"", ""customer service""]
Emotion_labels: [""disappointed""]",560
"hear 500 dont touch itits thursday,","Brand_labels: [""customer service""]
Emotion_labels: [""horrible""]",554
"couldnt expect anything less gabi,","Brand_labels: [""reputation & heritage""]
Emotion_labels: [""love""]",553
"givenchy shark boots cant stop thinking,","Brand_labels: [""product quality""]
Emotion_labels: [""love""]",551
"especially birkin,","Brand_labels: [""reputation & heritage""]
Emotion_labels: []",547
"leclerc shirt im love,","Brand_labels: [""product quality""]
Emotion_labels: [""love""]",550
"jim carrey absolutely quaking grinch poots rn,","Brand_labels: [""reputation & heritage""]
Emotion_labels: [""love""]",559
"got tshirt etsy searched vintage ferrari shirt lol,","Brand_labels: [""product quality""]
Emotion_labels: []",553
"leclerc shirt im love,","Brand_labels: [""product quality""]
Emotion_labels: [""love""]",550
"charles leclerc shirt,","Brand_labels: [""product quality""]
Emotion_labels: []",548
"love cl16 shirt actual outfit,","Brand_labels: [""product quality""]
Emotion_labels: [""love""]",550
"exact shirt,","Brand_labels: [""product quality""]
Emotion_labels: []",544
"find world peace hoodie,","Brand_labels: [""product quality""]
Emotion_labels: []",546
"havent seen soul world peace hoodie,","Brand_labels: [""product quality""]
Emotion_labels: []",550
"yall sleeping chrome hearts rosary,","Brand_labels: [""product quality""]
Emotion_labels: []",549
"tenth series,","Brand_labels: [""reputation & heritage""]
Emotion_labels: []",547
"seriously whats rosary hoodie imma need,","Brand_labels: [""product quality""]
Emotion_labels: [""need""]",553
"tops,","Brand_labels: [""product quality""]
Emotion_labels: []",544
"thought rihanna ceo fendi,","Brand_labels: [""reputation & heritage""]
Emotion_labels: []",551
"ponytail holder wrist,","Brand_labels: [""product quality""]
Emotion_labels: []",547
"youre telling ceo fendi open mouth chews gum photographed public event,","Brand_labels: [""reputation & heritage""]
Emotion_labels: [""disappointed""]",562
"people bill gates mark zuckerberg rhianna fendi ceo actors actresses business moguls prewedding,","Brand_labels: [""reputation & heritage""]
Emotion_labels: []",566
"fendi owned serge brunschwig tho,","Brand_labels: [""reputation & heritage""]
Emotion_labels: []",552
"whyyyyy chewing gum class elegance ever since loriharvey said doesnt fendi checked,","Brand_labels: [""reputation & heritage""]
Emotion_labels: []",561
"single im ready marriage,","Brand_labels: [""customer service""]
Emotion_labels: [""excited""]",549
"thought rihanna ceo fendi,","Brand_labels: [""reputation & heritage""]
Emotion_labels: []",551
"okay good fits gram igwisdm,","Brand_labels: [""product quality""]
Emotion_labels: [""great""]",551
"knew gon na b fire b4 even watched,","Brand_labels: [""reputation & heritage""]
Emotion_labels: [""excited""]",557
"fendi one tho,","Brand_labels: [""reputation & heritage""]
Emotion_labels: []",548
"cant stress enough look like dr burk greys anatomy,","Brand_labels: [""product quality""]
Emotion_labels: [""love""]",555
"cool watch someone clearly knows theyre talking even interest,","Brand_labels: [""product quality""]
Emotion_labels: [""love""]",554
"asthma,","Brand_labels: [""product quality"", ""reputation & heritage"", ""customer service"", ""social impact"", ""ethical practices"", ""sustainability""]
Emotion_labels: [""disappointed""]",569
"wouldnt say fresh new definitely damn good improvement,","Brand_labels: [""product quality""]
Emotion_labels: [""good""]",553
"whats difference model 2007 get,","Brand_labels: [""product quality""]
Emotion_labels: []",550
"2003 18 19 years ago,","Brand_labels: [""reputation & heritage""]
Emotion_labels: []",552
"2003 18 years ago,","Brand_labels: [""reputation & heritage""]
Emotion_labels: []",550
"u shake ur shoe sounds like crumbly shaking sounds thing,","Brand_labels: [""product quality""]
Emotion_labels: [""bad""]",556
"stitched soles hardest sole swaps right patience pretty crazy lol,","Brand_labels: [""product quality""]
Emotion_labels: []",554
"ostrich leather crocodile learher,","Brand_labels: [""product quality""]
Emotion_labels: []",550
"girl colors choose grey white,","Brand_labels: [""product quality""]
Emotion_labels: []",547
"year ill totally forget lol,","Brand_labels: [""reputation & heritage""]
Emotion_labels: [""disappointed""]",552
"yearr,","Brand_labels: [""reputation & heritage""]
Emotion_labels: [""excited""]",549
"dream hermes bag birkin 25 togo etoupe palladium hardware,","Brand_labels: [""product quality"", ""reputation & heritage""]
Emotion_labels: [""love""]",566
"ostrich best always n bags brands,","Brand_labels: [""product quality"", ""reputation & heritage""]
Emotion_labels: [""love""]",558
"nah would overwhelmed different options,","Brand_labels: [""customer service""]
Emotion_labels: [""disappointed""]",550
"see year,","Brand_labels: [""reputation & heritage""]
Emotion_labels: []",546
"future wifes bags,","Brand_labels: [""product quality""]
Emotion_labels: [""love""]",548
"putting coco cabana ocean breeze catagory bold,","Brand_labels: [""product quality""]
Emotion_labels: []",553
"prada candy smells nothing like,","Brand_labels: [""product quality""]
Emotion_labels: [""disappointed""]",551
"giorgio armani acqua di gioia smells nothing like orange blossom though another type good smell lol,","Brand_labels: [""product quality""]
Emotion_labels: [""love""]",565
"sorry scandal good,","Brand_labels: [""reputation & heritage""]
Emotion_labels: [""good""]",549
"one day istgg,","Brand_labels: [""product quality"", ""reputation & heritage"", ""customer service"", ""social impact"", ""ethical practices"", ""sustainability""]
Emotion_labels: [""love"", ""great"", ""amazing"", ""impressed"", ""thrilled"", ""excited"", ""horrible"", ""bad"", ""disappointed"", ""terrible"", ""worse"", ""hate""]",612
"first one top tier,","Brand_labels: [""product quality""]
Emotion_labels: [""great""]",548
"slay mommy outfit,","Brand_labels: [""product quality""]
Emotion_labels: [""love""]",548
"1and2,","Brand_labels: [""product quality"", ""reputation & heritage""]
Emotion_labels: []",551
"buy shoes like first one,","Brand_labels: [""product quality""]
Emotion_labels: []",547
"summer beginning london cant wait need cute casual outfits look good im oversized shirt jeans gal,","Brand_labels: [""product quality""]
Emotion_labels: [""excited""]",561
"early,","Brand_labels: [""customer service""]
Emotion_labels: []",543
"woah im early,","Brand_labels: [""product quality"", ""reputation & heritage"", ""customer service"", ""social impact"", ""ethical practices"", ""sustainability""]
Emotion_labels: [""excited""]",571
"first,","Brand_labels: [""product quality"", ""reputation & heritage"", ""customer service"", ""social impact"", ""ethical practices"", ""sustainability""]
Emotion_labels: [""love"", ""great"", ""amazing"", ""impressed"", ""thrilled"", ""excited"", ""horrible"", ""bad"", ""disappointed"", ""terrible"", ""worse"", ""hate""]",609
"please post im huge fan,","Brand_labels: [""reputation & heritage""]
Emotion_labels: [""love""]",551
"favorite charmed theme love shoes vest,","Brand_labels: [""product quality""]
Emotion_labels: [""love""]",551
"last one looks dad finds got f math exam comes crash,","Brand_labels: [""product quality""]
Emotion_labels: [""disappointed""]",556
"wow outfit elegant different tax brackets,","Brand_labels: [""product quality""]
Emotion_labels: [""love""]",550
"wheres cardigan,","Brand_labels: [""customer service""]
Emotion_labels: []",546
"wheres bag,","Brand_labels: [""customer service""]
Emotion_labels: [""disappointed""]",548
"wheres purse,","Brand_labels: [""customer service""]
Emotion_labels: []",545
"cuffed pants sooo cute,","Brand_labels: [""product quality""]
Emotion_labels: [""love""]",550
"pov saw video cankles wanted see,","Brand_labels: [""product quality""]
Emotion_labels: []",551
"wheres cankles,","Brand_labels: [""customer service""]
Emotion_labels: [""disappointed""]",550
"everyone fl still wears lilly,","Brand_labels: [""reputation & heritage""]
Emotion_labels: []",550
"yellow dress looked good,","Brand_labels: [""product quality""]
Emotion_labels: [""love""]",548
"really liked yellow super pretty,","Brand_labels: [""product quality""]
Emotion_labels: [""love""]",549
"love shade yellow,","Brand_labels: [""product quality""]
Emotion_labels: [""love""]",547
"yellow look amazing could get altered,","Brand_labels: [""product quality""]
Emotion_labels: [""amazing""]",551
"gator slides tho,","Brand_labels: [""product quality""]
Emotion_labels: []",546
"emelyofficial,","Brand_labels: [""reputation & heritage""]
Emotion_labels: []",547
"user92293046292 sophie,","Brand_labels: [""customer service""]
Emotion_labels: [""neutral""]",551
"soooo expensive thooo,","Brand_labels: [""product quality""]
Emotion_labels: []",547
"black one,","Brand_labels: [""product quality""]
Emotion_labels: []",544
"want need give charlie thomas,","Brand_labels: [""product quality"", ""reputation & heritage"", ""customer service"", ""social impact"", ""ethical practices"", ""sustainability""]
Emotion_labels: [""love"", ""great"", ""amazing"", ""impressed"", ""thrilled"", ""excited"", ""horrible"", ""bad"", ""disappointed"", ""terrible"", ""worse"", ""hate""]",615
"crying,","Brand_labels: [""customer service""]
Emotion_labels: [""disappointed""]",547
"moon boots fr,","Brand_labels: [""product quality""]
Emotion_labels: []",545
"absolutely love want,","Brand_labels: [""product quality""]
Emotion_labels: [""love""]",548
"people saying dresses dont look kendalls dress inspired aubreys wasnt supposed look,","Brand_labels: [""product quality""]
Emotion_labels: [""disappointed""]",561
"said inspiration dress didnt say yall would claim plagiarism yall say yall sick,","Brand_labels: [""reputation & heritage""]
Emotion_labels: [""disappointed""]",563
"think kendal could done hair like similar aubrey instead effortless bun,","Brand_labels: [""product quality""]
Emotion_labels: []",556
"60 years later maybe someone inspired kendall knows,","Brand_labels: [""reputation & heritage""]
Emotion_labels: []",553
"someone tell fit theme,","Brand_labels: [""product quality""]
Emotion_labels: []",546
"even close tho dont get kendall looked really good,","Brand_labels: [""product quality""]
Emotion_labels: [""good""]",554
"inspired yall need learn word back istg,","Brand_labels: [""reputation & heritage""]
Emotion_labels: [""excited""]",557
"loved dress wish something different hair,","Brand_labels: [""product quality""]
Emotion_labels: [""love""]",551
"wheres thewizardliz,","Brand_labels: [""customer service""]
Emotion_labels: [""disappointed""]",551
"anything teach college degree,","Brand_labels: [""reputation & heritage""]
Emotion_labels: [""neutral""]",550
"bizwithbailey audreyamendolara alice_liuuu thank later,","Brand_labels: [""customer service""]
Emotion_labels: [""love""]",560
"im college knowledge lol want paper raise,","Brand_labels: [""reputation & heritage""]
Emotion_labels: [""love""]",553
"thewizardliz trust,","Brand_labels: [""reputation & heritage""]
Emotion_labels: [""trust""]",551
"loves silver learn love wear silver,","Brand_labels: [""product quality""]
Emotion_labels: [""love""]",551
"mon gold silver,","Brand_labels: [""reputation & heritage""]
Emotion_labels: []",547
"isaleandrahms want,","Brand_labels: [""product quality"", ""reputation & heritage"", ""customer service"", ""social impact"", ""ethical practices"", ""sustainability""]
Emotion_labels: [""love""]",572
"dog sent talking bout birthday,","Brand_labels: [""customer service""]
Emotion_labels: [""love""]",549
"bro istg chrome hearts new supreme,","Brand_labels: [""reputation & heritage""]
Emotion_labels: []",551
"chrome hearts dog,","Brand_labels: [""reputation & heritage""]
Emotion_labels: []",547
"dawg drinking chrome hearts,","Brand_labels: [""reputation & heritage""]
Emotion_labels: [""love""]",552
"lowkey could make,","Brand_labels: [""product quality""]
Emotion_labels: []",546
"chrome hearts fans see carved cinderblock,","Brand_labels: [""reputation & heritage""]
Emotion_labels: []",552
"low price 3500,","Brand_labels: [""product quality""]
Emotion_labels: []",547
"promise u chrome hearts js b makin anything,","Brand_labels: [""product quality""]
Emotion_labels: [""neutral""]",553
"opium rick owens playboi carti ken carson destroy lonely black,","Brand_labels: [""reputation & heritage""]
Emotion_labels: [""love""]",563
"tell buy reps,","Brand_labels: [""customer service""]
Emotion_labels: [""excited""]",548
"get invitation rick owens show,","Brand_labels: [""reputation & heritage""]
Emotion_labels: [""excited""]",554
"bro rick owens,","Brand_labels: [""reputation & heritage""]
Emotion_labels: []",549
"bro think hes rick,","Brand_labels: [""reputation & heritage""]
Emotion_labels: []",549
"sturdy well made leather bag always best bag doesnt need fancy tag crazy price last forever,","Brand_labels: [""product quality"", ""sustainability""]
Emotion_labels: [""love""]",565
"mary kate olsens makes one look pristine though,","Brand_labels: [""product quality""]
Emotion_labels: [""love""]",555
"never understood birkin seeing creator use full extent life makes seriously reconsider hype birkin,","Brand_labels: [""reputation & heritage""]
Emotion_labels: [""disappointed""]",563
"richest thing,","Brand_labels: [""reputation & heritage""]
Emotion_labels: []",547
"need wealthy person hand wornin birkin bc ill never buy one adore look lived one,","Brand_labels: [""product quality""]
Emotion_labels: [""love""]",561
"best thing rich buy well made expensive things wear forever without constantly buying new stuff,","Brand_labels: [""product quality"", ""sustainability""]
Emotion_labels: [""love""]",563
"beat birkin bag chicest thing everrrrr,","Brand_labels: [""product quality"", ""reputation & heritage""]
Emotion_labels: [""love""]",560
"theres nothing warrants price tho,","Brand_labels: [""product quality""]
Emotion_labels: [""disappointed""]",551
"namesinitials designers half products,","Brand_labels: [""product quality"", ""reputation & heritage""]
Emotion_labels: []",554
"got except row,","Brand_labels: [""product quality""]
Emotion_labels: [""disappointed""]",548
"easy,","Brand_labels: [""product quality"", ""reputation & heritage"", ""customer service"", ""social impact"", ""ethical practices"", ""sustainability""]
Emotion_labels: [""love""]",567
"thought comme de garcon shoes converse,","Brand_labels: [""product quality""]
Emotion_labels: []",549
"easy,","Brand_labels: [""product quality"", ""reputation & heritage"", ""customer service"", ""social impact"", ""ethical practices"", ""sustainability""]
Emotion_labels: [""love""]",567
"first one dress perfume bottle looks exactly like dress twiggy wore 60s,","Brand_labels: [""reputation & heritage""]
Emotion_labels: []",559
"saint laurent paris valentino dior balenciaga paris hugo boss gucci fendi givenchy jean paul gaultier comme des gar√ßons row dolce gabbana burberry london calvin klein alexanderwang,","Brand_labels: [""reputation & heritage""]
Emotion_labels: []",592
"except row givenchy,","Brand_labels: [""reputation & heritage""]
Emotion_labels: [""disappointed""]",551
"said iron first shes putting sweater doesnt matter,","Brand_labels: [""product quality""]
Emotion_labels: [""disappointed""]",554
"iron shirt pleasee,","Brand_labels: [""customer service""]
Emotion_labels: []",546
"iron yes shirt skirt,","Brand_labels: [""product quality""]
Emotion_labels: []",546
"whys everyone crying shirt u cant even see sweater,","Brand_labels: [""product quality""]
Emotion_labels: [""disappointed""]",555
"u ever heard iron,","Brand_labels: [""reputation & heritage""]
Emotion_labels: []",548
"yall one owns iron care steamer thats,","Brand_labels: [""product quality""]
Emotion_labels: []",551
"buying first top tommorrow literally cant stop thinking,","Brand_labels: [""product quality""]
Emotion_labels: [""excited""]",556
"first top,","Brand_labels: [""product quality""]
Emotion_labels: []",544
"repeat best taste im inspired time post,","Brand_labels: [""reputation & heritage""]
Emotion_labels: [""inspired""]",554
"keep first two return third husband,","Brand_labels: [""customer service""]
Emotion_labels: [""disappointed""]",551
"first one,","Brand_labels: [""product quality"", ""reputation & heritage"", ""customer service"", ""social impact"", ""ethical practices"", ""sustainability""]
Emotion_labels: [""love""]",568
"first one insane,","Brand_labels: [""product quality""]
Emotion_labels: [""excited""]",548
"budget astronomical,","Brand_labels: [""product quality""]
Emotion_labels: []",544
"thats fun,","Brand_labels: [""reputation & heritage""]
Emotion_labels: [""excited""]",550
"maybe iphone 15 pro invitation,","Brand_labels: [""product quality""]
Emotion_labels: [""excited""]",551
"fashioninvitations,","Brand_labels: [""reputation & heritage""]
Emotion_labels: []",548
"asmr fashion invite,","Brand_labels: [""reputation & heritage""]
Emotion_labels: [""excited""]",551
"raw excedrin wild,","Brand_labels: [""product quality""]
Emotion_labels: [""excited""]",550
"anxiety went straw pills make directly purse cant deal,","Brand_labels: [""customer service""]
Emotion_labels: [""disappointed""]",555
"careful keeping stuff bottom purse taking went anaphylactic shock something got meds dr thinks,","Brand_labels: [""customer service""]
Emotion_labels: [""horrible""]",563
"link chanel keychain wallet ive trying find cant,","Brand_labels: [""customer service""]
Emotion_labels: [""disappointed""]",555
"put stuff small ziplock bag dont ruin inside,","Brand_labels: [""product quality""]
Emotion_labels: [""bad""]",553
"burberry goddess time favorite,","Brand_labels: [""reputation & heritage""]
Emotion_labels: [""love""]",552
"favorite purchase everrrrr,","Brand_labels: [""product quality""]
Emotion_labels: [""love""]",549
"literally doesnt smell nice idk everyone,","Brand_labels: [""product quality""]
Emotion_labels: [""bad""]",552
"secret combine beeswax coconut honey lotion wear everyday get many ppl complimenting saying smell good also makes perfume last day apply,","Brand_labels: [""product quality""]
Emotion_labels: [""love""]",568
"im thinking getting thattt goodd,","Brand_labels: [""product quality""]
Emotion_labels: []",549
"im lit obsessed w smell amazing,","Brand_labels: [""product quality""]
Emotion_labels: [""amazing""]",551
"oh stop bought bc popular see everywhere,","Brand_labels: [""reputation & heritage""]
Emotion_labels: []",551
"heyy go see favorites pls girls,","Brand_labels: [""reputation & heritage""]
Emotion_labels: [""love""]",553
"burberry fragrance lixury fragrance actually smells good like overly strong one,","Brand_labels: [""product quality""]
Emotion_labels: [""love""]",559
"perfumes con olor monster high little pony,","Brand_labels: [""product quality""]
Emotion_labels: []",551
"cam newton dangerous fits,","Brand_labels: [""product quality""]
Emotion_labels: [""love""]",549
"hes swaggy thats glazing like crazy,","Brand_labels: [""reputation & heritage""]
Emotion_labels: [""excited""]",556
"bros reverse cowgirl,","Brand_labels: [""product quality"", ""reputation & heritage"", ""customer service"", ""social impact"", ""ethical practices"", ""sustainability""]
Emotion_labels: [""excited""]",572
"bro said swaggy aint thats crazy,","Brand_labels: [""reputation & heritage""]
Emotion_labels: [""disappointed""]",556
"aint serious gng,","Brand_labels: [""customer service""]
Emotion_labels: [""disappointed""]",549
"scrolling another man ig glazing crazy work,","Brand_labels: [""product quality""]
Emotion_labels: [""amazed""]",554
"recording store,","Brand_labels: [""reputation & heritage""]
Emotion_labels: []",547
"need chrome hearts x gentle monster colab bad,","Brand_labels: [""product quality""]
Emotion_labels: [""bad""]",553
"bracelet omg deadly doll shirt stoppp,","Brand_labels: [""product quality""]
Emotion_labels: [""excited""]",554
"chrome roley,","Brand_labels: [""reputation & heritage""]
Emotion_labels: []",547
"much chrome heart cloth price starts,","Brand_labels: [""product quality""]
Emotion_labels: []",548
"listened fein typing essay started typing like crazy looked back words spelled wrong,","Brand_labels: [""customer service""]
Emotion_labels: [""disappointed""]",560
"fen end eyes hits dif tho old kanye song,","Brand_labels: [""reputation & heritage""]
Emotion_labels: []",554
"adhd makes music much better,","Brand_labels: [""product quality""]
Emotion_labels: [""love""]",550
"even canvas getting lit,","Brand_labels: [""product quality""]
Emotion_labels: [""excited""]",549
"travis tweaking bro,","Brand_labels: [""customer service""]
Emotion_labels: [""disappointed""]",549
"especially song,","Brand_labels: [""product quality"", ""reputation & heritage"", ""customer service"", ""social impact"", ""ethical practices"", ""sustainability""]
Emotion_labels: [""love"", ""great"", ""amazing"", ""impressed"", ""thrilled"", ""excited"", ""horrible"", ""bad"", ""disappointed"", ""terrible"", ""worse"", ""hate""]",610
"u lock test bro,","Brand_labels: [""product quality"", ""customer service""]
Emotion_labels: [""love""]",552
"ricks wife character,","Brand_labels: [""reputation & heritage""]
Emotion_labels: [""love""]",549
"tommy cash dressin,","Brand_labels: [""product quality""]
Emotion_labels: [""love""]",549
"offset got best fit ngl,","Brand_labels: [""product quality""]
Emotion_labels: [""love""]",550
"none looked comfortable,","Brand_labels: [""product quality""]
Emotion_labels: [""bad""]",547
"big yellow croc boots tea,","Brand_labels: [""product quality""]
Emotion_labels: []",548
"tommy matieres fecaless look amazing,","Brand_labels: [""product quality""]
Emotion_labels: [""amazing""]",554
"get art behind fashion cant help see people pickme people,","Brand_labels: [""reputation & heritage""]
Emotion_labels: []",555
"nice slipknot show,","Brand_labels: [""reputation & heritage""]
Emotion_labels: [""love""]",551
"clever hope hes got somewhere keep expensive glasses though,","Brand_labels: [""product quality""]
Emotion_labels: [""love""]",554
"im sorry ive got burberry sunglasses best believe staying burberry case fair play jake would,","Brand_labels: [""product quality""]
Emotion_labels: [""love""]",562
"absolutely,","Brand_labels: [""product quality"", ""reputation & heritage"", ""customer service"", ""social impact"", ""ethical practices"", ""sustainability""]
Emotion_labels: [""love""]",568
"anything designer name deep,","Brand_labels: [""reputation & heritage""]
Emotion_labels: []",548
"could put sunglasses really great idea,","Brand_labels: [""product quality""]
Emotion_labels: [""great""]",550
"thought attaching tape begin,","Brand_labels: [""product quality""]
Emotion_labels: [""disappointed""]",549
"would still actually boss idea keep sunglasses youre wearing,","Brand_labels: [""product quality""]
Emotion_labels: [""love""]",553
"sound much like victoria beckham,","Brand_labels: [""reputation & heritage""]
Emotion_labels: []",551
"whats oct 13,","Brand_labels: [""product quality"", ""reputation & heritage"", ""customer service"", ""social impact"", ""ethical practices"", ""sustainability""]
Emotion_labels: [""love"", ""great"", ""amazing"", ""impressed"", ""thrilled"", ""excited"", ""horrible"", ""bad"", ""disappointed"", ""terrible"", ""worse"", ""hate""]",613
"whats oct 13th,","Brand_labels: [""product quality"", ""reputation & heritage"", ""customer service"", ""social impact"", ""ethical practices"", ""sustainability""]
Emotion_labels: [""love"", ""great"", ""amazing"", ""impressed"", ""thrilled"", ""excited"", ""horrible"", ""bad"", ""disappointed"", ""terrible"", ""worse"", ""hate""]",614
"heard album,","Brand_labels: [""product quality""]
Emotion_labels: []",544
"one account lot viral posts ill probably make video someday,","Brand_labels: [""reputation & heritage""]
Emotion_labels: [""excited""]",557
"red hair yuna something else,","Brand_labels: [""reputation & heritage""]
Emotion_labels: [""love""]",552
"itzy viral queens good way esp maknae shin yuna always bebe,","Brand_labels: [""reputation & heritage""]
Emotion_labels: [""love""]",562
"shoes north,","Brand_labels: [""product quality""]
Emotion_labels: []",545
"styles people like come,","Brand_labels: [""reputation & heritage""]
Emotion_labels: []",548
"happened little girls wearing flat shoes pink dress pigtailswhats going,","Brand_labels: [""product quality""]
Emotion_labels: [""confused""]",561
"leaving kid behindif mother last trip,","Brand_labels: [""customer service""]
Emotion_labels: [""disappointed""]",553
"look good north shoes,","Brand_labels: [""product quality""]
Emotion_labels: []",546
"norths shoes,","Brand_labels: [""product quality""]
Emotion_labels: []",545
"sometimes tell children shes gon na break bone shoes,","Brand_labels: [""product quality""]
Emotion_labels: [""horrible""]",555
"thought psalms toy cars stuck norths feet,","Brand_labels: [""product quality""]
Emotion_labels: [""disappointed""]",555
"old money vibes,","Brand_labels: [""reputation & heritage""]
Emotion_labels: []",547
"provincial summer paris fall winter spring,","Brand_labels: [""reputation & heritage""]
Emotion_labels: []",551
"main character,","Brand_labels: [""reputation & heritage""]
Emotion_labels: [""love""]",548
"literally living daydream best luck always,","Brand_labels: [""reputation & heritage""]
Emotion_labels: [""love""]",554
"paying prices waiting line illegal,","Brand_labels: [""customer service""]
Emotion_labels: [""disappointed""]",551
"shes dressed like louis vuitton employee,","Brand_labels: [""reputation & heritage""]
Emotion_labels: []",553
"line hey shouldnt get line ive 30 mins,","Brand_labels: [""customer service""]
Emotion_labels: [""disappointed""]",555
"comments arnt vibe clearly theyve never bought anything louis chanel go bestie,","Brand_labels: [""reputation & heritage""]
Emotion_labels: [""love""]",562
"isnt line chanel tho still well done mother,","Brand_labels: [""reputation & heritage""]
Emotion_labels: [""love""]",556
"exit look dolls back,","Brand_labels: [""reputation & heritage""]
Emotion_labels: []",548
"sometimes dream pieces appear right time dont happy appreciated,","Brand_labels: [""product quality""]
Emotion_labels: [""happy""]",553
"important pieces take forever find get right one worth,","Brand_labels: [""product quality""]
Emotion_labels: [""love""]",553
"soooo happy something relate much,","Brand_labels: [""customer service""]
Emotion_labels: [""excited""]",551
"trying make courreges queens proud emimusssssssss taramariagonzalez,","Brand_labels: [""reputation & heritage""]
Emotion_labels: [""love""]",565
"hating genuinely curious find liking items bc designer made different 1,","Brand_labels: [""product quality""]
Emotion_labels: [""hate""]",558
"love finally getting piece youve wanting long time much gratifying buying bunch pieces kinda like,","Brand_labels: [""product quality""]
Emotion_labels: [""love""]",561
"us courreges ebay alert,","Brand_labels: [""reputation & heritage""]
Emotion_labels: []",550
"im starting research fashion know research dont wan na search every designer ever go,","Brand_labels: [""reputation & heritage""]
Emotion_labels: []",558
"recs winter jackets,","Brand_labels: [""product quality""]
Emotion_labels: []",546
"guys shop vintage way better quality price use ebay etc,","Brand_labels: [""product quality""]
Emotion_labels: [""better""]",555
"thats actually really goid,","Brand_labels: [""product quality""]
Emotion_labels: [""love""]",550
"scary thing really could photoset gucci magazine,","Brand_labels: [""reputation & heritage""]
Emotion_labels: [""horrible""]",557
"omg glove wash dishes,","Brand_labels: [""product quality""]
Emotion_labels: []",547
"way actually really good omg,","Brand_labels: [""product quality""]
Emotion_labels: [""excited""]",551
"2 hours later gucci would like next supermodel,","Brand_labels: [""reputation & heritage""]
Emotion_labels: [""excited""]",557
"pls thought kim kardashian,","Brand_labels: [""reputation & heritage""]
Emotion_labels: []",550
"dreams,","Brand_labels: [""reputation & heritage""]
Emotion_labels: [""love""]",548
"would fun real life,","Brand_labels: [""product quality"", ""reputation & heritage"", ""customer service"", ""social impact"", ""ethical practices"", ""sustainability""]
Emotion_labels: [""excited""]",571
"visuals nice almost made want buy burberry lol,","Brand_labels: [""product quality""]
Emotion_labels: [""love""]",554
"literally feels listening sza songs,","Brand_labels: [""product quality""]
Emotion_labels: [""love""]",551
"shes super model,","Brand_labels: [""reputation & heritage""]
Emotion_labels: [""love""]",550
"shes literally icon,","Brand_labels: [""reputation & heritage""]
Emotion_labels: [""love""]",550
"whatflawless means,","Brand_labels: [""product quality""]
Emotion_labels: [""love""]",549
"one many reasons shes one √ºbermodel high fashion professional still,","Brand_labels: [""reputation & heritage""]
Emotion_labels: []",556
"walking around sis wedding,","Brand_labels: [""product quality""]
Emotion_labels: [""love""]",548
"show must go,","Brand_labels: [""reputation & heritage""]
Emotion_labels: [""excited""]",550
"itsyelina le tshirt,","Brand_labels: [""product quality""]
Emotion_labels: []",549
"poopiblh ton tshirt,","Brand_labels: [""product quality""]
Emotion_labels: [""disappointed""]",552
"cloe_brs_ son tee shirt,","Brand_labels: [""product quality""]
Emotion_labels: []",550
"tshirt reeses,","Brand_labels: [""product quality""]
Emotion_labels: []",546
"taylis_cabrol le tee shirt ressese,","Brand_labels: [""product quality""]
Emotion_labels: []",554
"leaanneast son tee shirt,","Brand_labels: [""product quality""]
Emotion_labels: []",548
"reasons gon na pain loving,","Brand_labels: [""product quality""]
Emotion_labels: [""love""]",550
"fr blowing,","Brand_labels: [""product quality""]
Emotion_labels: [""amazed""]",547
"hxrny_for_chris,","Brand_labels: [""product quality"", ""reputation & heritage"", ""customer service"", ""social impact"", ""ethical practices"", ""sustainability""]
Emotion_labels: [""love""]",572
"aaliyahpaige24 switch around,","Brand_labels: [""product quality"", ""customer service"", ""reputation & heritage"", ""social impact"", ""ethical practices"", ""sustainability""]
Emotion_labels: [""excited""]",575
"deletes paragraph slowlyyyy,","Brand_labels: [""customer service""]
Emotion_labels: [""disappointed""]",550
"fooled first half,","Brand_labels: [""customer service""]
Emotion_labels: [""disappointed""]",549
"nooo trendy next year year knows youll even feel,","Brand_labels: [""reputation & heritage""]
Emotion_labels: []",555
"purchase something youve wanted,","Brand_labels: [""customer service""]
Emotion_labels: [""excited""]",550
"hmmm would consider good investment piece timeless imo would find dupelookalike,","Brand_labels: [""product quality"", ""reputation & heritage""]
Emotion_labels: []",565
"would say yes wear size smaller 10 large feet,","Brand_labels: [""product quality""]
Emotion_labels: []",552
"charlesgross thoughts love,","Brand_labels: [""reputation & heritage""]
Emotion_labels: [""love""]",551
"youve wanted havent changed mind think good investment also hope youre little better today,","Brand_labels: [""product quality""]
Emotion_labels: [""good""]",560
"buy afford wear done antithesis investment,","Brand_labels: [""product quality""]
Emotion_labels: [""disappointed""]",553
"need clothing line future investor right,","Brand_labels: [""reputation & heritage""]
Emotion_labels: []",550
"ate,","Brand_labels: [""product quality"", ""reputation & heritage"", ""customer service"", ""social impact"", ""ethical practices"", ""sustainability""]
Emotion_labels: [""love"", ""great"", ""amazing"", ""impressed"", ""thrilled"", ""excited"", ""horrible"", ""bad"", ""disappointed"", ""terrible"", ""worse"", ""hate""]",609
"fantastic songs africa,","Brand_labels: [""product quality"", ""reputation & heritage"", ""customer service"", ""social impact"", ""ethical practices"", ""sustainability""]
Emotion_labels: [""excited""]",571
"tony_taycl,","Brand_labels: [""reputation & heritage""]
Emotion_labels: []",549
"title song,","Brand_labels: [""product quality"", ""reputation & heritage"", ""customer service"", ""social impact"", ""ethical practices"", ""sustainability""]
Emotion_labels: [""love"", ""great"", ""amazing"", ""impressed"", ""thrilled"", ""excited"", ""horrible"", ""bad"", ""disappointed"", ""terrible"", ""worse"", ""hate""]",610
"3 years waiting concert london,","Brand_labels: [""reputation & heritage""]
Emotion_labels: [""excited""]",552
"onestchampions,","Brand_labels: [""reputation & heritage""]
Emotion_labels: []",547
"cool thanks,","Brand_labels: [""customer service""]
Emotion_labels: [""love""]",546
"chrome hearts x ugg collab,","Brand_labels: [""reputation & heritage""]
Emotion_labels: []",551
"chrome uggs insane,","Brand_labels: [""product quality""]
Emotion_labels: [""excited""]",549
"arent customs pandabuytemu ones,","Brand_labels: [""customer service""]
Emotion_labels: []",550
"chrome heart uggs coolest thing ive seen day,","Brand_labels: [""product quality""]
Emotion_labels: [""excited""]",554
"maddie finosh rolling csn makea tt w audio,","Brand_labels: [""product quality"", ""reputation & heritage"", ""customer service"", ""social impact"", ""ethical practices"", ""sustainability""]
Emotion_labels: [""love"", ""great"", ""amazing"", ""impressed"", ""thrilled"", ""excited"", ""horrible"", ""bad"", ""disappointed"", ""terrible"", ""worse"", ""hate""]",621
"chrome uggs us actually insane,","Brand_labels: [""product quality""]
Emotion_labels: [""excited""]",551
"wheres hood scarf,","Brand_labels: [""customer service""]
Emotion_labels: [""disappointed""]",549
"cus dubai thats nissan altima,","Brand_labels: [""customer service""]
Emotion_labels: [""disappointed""]",553
"park toyota dubai switch mercedes,","Brand_labels: [""reputation & heritage""]
Emotion_labels: []",552
"south africa everything would gone including parking space,","Brand_labels: [""reputation & heritage""]
Emotion_labels: [""disappointed""]",555
"thanks god thats love homeÿßŸÑÿ≠ŸÖÿØÿßŸÑŸÑŸá,","Brand_labels: [""reputation & heritage""]
Emotion_labels: [""love""]",558
